<?xml version="1.0" encoding="UTF-8" standalone="yes"?>
<addon id="repository.muffinpi" name="MuffinPi Repository" version="1.0" provider-name="MuffinPi">
    <extension point="xbmc.addon.repository" name="MuffinPi Repository">
        <dir>
            <info compressed="false">https://raw.githubusercontent.com/MuffinPi/addons/master/addons.xml</info>
            <checksum>https://raw.githubusercontent.com/MuffinPi/addons/master/addons.xml.md5</checksum>
            <datadir zip="true">https://raw.githubusercontent.com/MuffinPi/addons/raw/master/</datadir>
        </dir>
    </extension>
    <extension point="xbmc.addon.metadata">
        <summary>MuffinPi Repository </summary>
        <description>Home of PiBoX</description>
        <disclaimer></disclaimer>
        <platform>all</platform>
        <assets>
            <icon>icon.png</icon>
            <fanart>fanart.jpg</fanart>
        </assets>
    </extension>
</addon>
