<?xml version="1.0" encoding="UTF-8" standalone="yes"?>
<addon id="repository.muffinpi" name="[B][COLOR deeppink]MuffinPi[/COLOR][/B] Repository" version="1.0" provider-name="MuffinPi">
    <extension point="xbmc.addon.repository" name="MuffinPi Repository">
        <dir>
            <info compressed="false">https://raw.githubusercontent.com/MuffinPi/addons/master/addons.xml</info>
            <checksum>https://raw.githubusercontent.com/MuffinPi/addons/master/addons.xml.md5</checksum>
            <datadir zip="true">https://github.com/MuffinPi/addons/raw/master/</datadir>
        </dir>
    </extension>
    <extension point="xbmc.addon.metadata">
        <summary>[B][COLOR deeppink]Muffin[/COLOR][COLOR peachpuff]Pi[/COLOR][/B] </summary>
        <description>Home of [B][COLOR dodgerblue]PiBoX[/COLOR][/B]</description>
        <disclaimer>The author is not responsible for the use of this addon. The author is not responsible for the content found using this addon. The author does not host or own any content found within this addon. The author is in no way affiliated with Kodi, Team Kodi, or the XBMC Foundation. This is a Non-profit resource, organized solely for educational purposes which is protected under the Fair-Use doctrine of the Copyright Act, Specifically section 107, which does promote freedom of expression, by permitting the unlicensed use of copyright-protected works</disclaimer>
        <platform>all</platform>
        <assets>
            <icon>icon.png</icon>
            <fanart>fanart.jpg</fanart>
        </assets>
    </extension>
</addon>
