<?xml version="1.0" encoding="UTF-8" standalone="yes"?>
<addon id="plugin.program.muffinwizard" name="Muffin Wizard" version="0.2.2" provider-name="MuffinPi">
  <requires>
    <import addon="xbmc.python" version="2.1.0"/>
  </requires>
  <extension point="xbmc.python.pluginsource" library="default.py">
    <provides>executable</provides>
  </extension>
  <extension point="xbmc.service" library="startup.py" start="startup" />
  <extension point="xbmc.addon.metadata">
    <summary lang="en">MuffinWizard</summary>
    <description lang="en">Muffin Wizard allows you to get access to the latest PiBoX Custom Builds.</description>
    <platform>all</platform>
  </extension>
</addon>